tanggal,pm10,pm25,co,so2,o3,no2,label
1/21/2021,12.43,0,1587.24,17.43,45.1,14.62,baik
1/22/2021,19.92,0,1539.96,15.29,40.88,13.98,baik
1/23/2021,31.58,0,1583.02,14.88,42.33,13.94,baik
1/24/2021,14.74,0,1568.19,13.1,43.5,13.23,baik
1/25/2021,0,0,1585.52,4.36,45.58,13.29,baik
1/26/2021,0,0,1618.17,11.35,50.35,13.58,baik
1/27/2021,17.56,15.88,1613.96,17.3,52.69,13.67,baik
1/28/2021,10.83,9.51,1602.96,21.95,50.06,13.91,baik
1/29/2021,10.27,7.13,1541.88,22.82,52.48,14.15,baik
1/30/2021,15.27,0,1521.08,20.21,47.75,14.02,baik
1/31/2021,16.81,0,1503.88,22.24,46.04,14.1,baik
2/1/2021,17.15,0,1563.98,35.87,50.63,14.15,baik
2/2/2021,9.35,0,1527.27,24.91,47.08,14.13,baik
2/3/2021,7.19,0,1489.65,26.89,44.77,14.04,baik
2/4/2021,9.79,0,1496.81,22.84,43.64,14.02,baik
2/5/2021,10.94,0,1543.56,24.02,41.96,14,baik
2/6/2021,14.38,0,1555.19,24.65,44.83,14.02,baik
2/7/2021,0,0,1535.94,31.27,40.17,14,baik
2/8/2021,0,0,1496.02,25.06,39.4,14,baik
2/9/2021,10,19.56,1568.96,39.61,46.13,14.19,baik
2/10/2021,15,15.52,1532.69,34.33,48.64,14.02,sedang
2/11/2021,16.15,14.75,1518.65,23.52,50.1,14.06,baik
2/12/2021,10.07,13.57,1520.5,21.65,49.52,14.08,baik
2/13/2021,0,0,1574.77,17.76,52.77,14.21,baik
2/14/2021,0,0,1528.85,27.88,53.96,14.27,baik
2/15/2021,15.47,14.4,1529.94,27.44,55.23,14.13,baik
2/16/2021,13.1,15.42,1495.96,31.63,57.85,14.21,baik
2/17/2021,16.04,21,1516.29,33.32,53.58,14.31,sedang
2/18/2021,16.25,21,1532.5,29.07,50.54,14.35,sedang
2/19/2021,15.15,23.96,1379.41,24.64,89.52,13.2,sedang
2/20/2021,17,39.06,1324.73,26.64,102.33,12.33,sedang
2/21/2021,17,19.85,1308.77,24.1,95.88,12.38,sedang
2/22/2021,17,26.75,1334.81,41.08,95.9,12.23,sedang
2/23/2021,17,23.58,1351.69,41.5,84.56,11.92,sedang
2/24/2021,17,20.29,1402.9,40.04,73.02,11.94,sedang
2/25/2021,14.56,17.21,1472.85,28.3,73.38,12.97,sedang
2/26/2021,0,0,4504.09,52.5,37.43,139,baik
2/27/2021,0,0,2353.74,68.78,113,139,baik
2/28/2021,0,0,2447.94,62.1,96,100,baik
3/1/2021,18.17,20.15,4931.33,42.2,61.5,56.5,baik
3/2/2021,40.2,0,1597,0,0,0,baik
3/3/2021,0,0,5240.83,0,0,1,baik
3/4/2021,0,0,0,0,0,0,baik
3/5/2021,28.47,22.35,620.8,11.33,0,11,sedang
3/6/2021,40.92,29.48,425.31,0,0,13.4,sedang
3/7/2021,34.65,24.33,402.23,0,0,16.27,sedang
3/8/2021,14.56,14.48,601.35,0,81,18.44,sedang
3/9/2021,18.13,18.31,557.79,0,0,19.35,sedang
3/10/2021,15.77,16.69,502,0,0,19.56,sedang
3/11/2021,17.33,18.08,447.17,0,0,19.15,sedang
3/12/2021,15.77,16.04,1289.23,0,0,21.67,sedang
3/13/2021,19.25,19.48,1374.27,0,0,23.27,sedang
3/14/2021,22.6,22.29,704.48,0,0,20.94,sedang
3/15/2021,18.65,19.27,759.15,0,0,20.88,sedang
3/16/2021,14.23,14.65,481.77,0,0,22.56,sedang
3/17/2021,17.88,17.94,592.79,0,0,21.71,sedang
3/18/2021,20.33,15.52,404.23,0,0,21.96,sedang
3/19/2021,15.6,12.77,314.74,0,0,21.17,baik
3/20/2021,16.02,13.25,870.26,8,0,23.13,baik
3/21/2021,30.25,20.46,927.98,0,0,21.33,sedang
3/22/2021,22.79,16.02,657.92,0,0,22.75,sedang
3/23/2021,31.25,18.88,787.17,0,0,23.33,sedang
3/24/2021,18.6,12.63,977.85,0,0,23.35,sedang
3/25/2021,26.81,15.67,1120.15,0,0,24.6,baik
3/26/2021,23.96,15.33,704.38,0,0,23.83,sedang
3/27/2021,31.6,17.31,641.71,0,0,21.98,sedang
3/28/2021,12.77,8.48,431.45,0,0,21.21,sedang
3/29/2021,16.81,13.54,601.15,0,0,21.98,baik
3/30/2021,17.69,14.56,836.52,0,0,22.94,baik
3/31/2021,28.58,21.15,1015.9,0,0,25.15,sedang
4/1/2021,34.75,21.52,1101.73,2,0,24.31,sedang
4/2/2021,49.29,27.31,745.73,0,0,24.35,sedang
4/3/2021,17.42,11,953.52,0,0,24.63,sedang
4/4/2021,41.13,25.13,1232.33,0,0,25.46,sedang
4/5/2021,54.56,31.92,1240.92,0,0,27.4,sedang
4/6/2021,45.21,29.96,964.31,0,0,26.35,sedang
4/7/2021,23.13,18.21,612.4,0,0,26.81,sedang
4/8/2021,26.54,21.9,687.17,0,0,28.83,sedang
4/9/2021,29.1,20.1,736.6,0,0,30.44,sedang
4/10/2021,32.73,22.73,891.79,0,0,27.35,sedang
4/11/2021,36.9,27,891.77,0,0,28.19,sedang
4/12/2021,47,49.13,830.6,8,0,27.46,sedang
4/13/2021,17.02,26.77,365.28,0,0,24.31,tidak sehat
4/14/2021,14.35,18.96,775.51,34,0,25.77,sedang
4/15/2021,9.6,13.33,379.84,3,0,25.4,sedang
4/16/2021,10.54,15.4,852.93,0,0,25.44,sedang
4/17/2021,16.5,24.4,497.37,0,0,29.21,sedang
4/18/2021,12.96,19.54,246,0,0,27.79,sedang
4/19/2021,21.65,34.98,282.83,0,0,29.31,sedang
4/20/2021,42.17,57.43,1178.9,0,0,32.04,tidak sehat
4/21/2021,44.09,38.5,1453.46,0,0,32.69,tidak sehat
4/22/2021,39.38,55.61,740.9,0,0,39.42,sedang
4/23/2021,9.98,16.23,87.29,0,0,29.67,tidak sehat
4/24/2021,5.85,6.16,47.21,0,0,26.31,baik
4/25/2021,21.88,0,215.56,0,0,31.42,baik
4/26/2021,48.48,35.83,605.79,0,0,34.88,sedang
4/27/2021,53.54,35.29,799.5,0,0,32.73,sedang
4/28/2021,52.35,32.58,1687.35,0,0,34.25,sedang
4/29/2021,81.88,42.77,958.6,0,0,36.79,sedang
4/30/2021,40,20.08,191.71,0,0,33.17,sedang
5/1/2021,39.85,25.9,578.76,0,0,31.46,sedang
5/2/2021,29.56,19.38,986.71,0,0,29.58,sedang
5/3/2021,38.25,24.94,1617.71,0,0,28.38,sedang
5/4/2021,35.25,21.19,1802.27,20,0,30.63,sedang
5/5/2021,39.98,26,918.23,0,0,31.73,sedang
5/6/2021,82.9,44.08,1704.1,0,0,34.98,sedang
5/7/2021,100.13,46.77,2878.19,0,0,32.48,tidak sehat 
5/8/2021,70.44,35.13,2208.17,0,0,31.46,sedang
5/9/2021,102.75,32.23,2474.93,0,0,30.5,sedang
5/10/2021,29.87,40.4,840.58,0,0,32.44,sedang
5/11/2021,30.1,42.83,749.85,0,0,33.56,sedang
5/12/2021,37.42,53.9,950.13,0,0,36.77,sedang
5/13/2021,39.85,62.42,1151.13,0,0,32.77,tidak sehat
5/14/2021,23.5,24.42,872.31,0,0,30.17,tidak sehat
5/15/2021,22.35,1.84,1868.98,0,0,30.29,sedang
5/16/2021,20.21,1,2103.48,0,0,32.27,baik
5/17/2021,15,28.79,985.4,0,0,31.08,sedang
5/18/2021,0,14.92,310,0,0,28.85,sedang
5/19/2021,0,23.73,299.44,0,0,32.58,sedang
5/20/2021,0,33.35,882.48,0,0,31.92,sedang
5/21/2021,0,36.79,719.6,0,0,37.96,sedang
5/22/2021,0,56.92,1433.98,0,0,32.75,tidak sehat
5/23/2021,0,35.1,867.21,0,0,30.29,tidak sehat
5/24/2021,0,43.56,618.17,0,0,33.98,sedang
5/25/2021,0,30.29,486,0,0,32.6,sedang
5/26/2021,0,25.67,778.13,0,0,28.44,sedang
5/27/2021,0,18.02,714.19,0,0,28.88,sedang
5/28/2021,0,18.65,911.94,0,0,30,sedang
5/29/2021,0,20.4,761.88,0,0,30.15,sedang
5/30/2021,0,20.27,254.29,0,0,31.33,sedang
5/31/2021,0,19.56,369.38,0,0,28.31,sedang
6/1/2021,0,6.69,22.11,0,0,26.25,sedang
6/2/2021,0,7.33,236.58,0,0,26.67,baik 
6/3/2021,0,35.71,503.56,0,0,33.13,sedang
6/4/2021,0,27.23,583.9,0,0,33.71,sedang
6/5/2021,0,32.35,312.54,0,0,31.9,sedang
6/6/2021,0,10.71,108.36,0,0,26.79,sedang
6/7/2021,0,7.96,90.59,0,0,25.94,baik
6/8/2021,0,7.23,100.89,0,0,24.98,baik
6/9/2021,0,15.58,380,9.25,0,25.63,baik
6/10/2021,0,13.19,207.48,22,0,25.58,sedang
6/11/2021,0,34.75,990.79,0,0,27.73,sedang
6/12/2021,0,22.17,199.92,30.43,0,27.81,sedang
6/13/2021,0,34.79,1132.83,0,0,30.06,sedang
6/14/2021,0,32.79,765.31,0,0,27.15,sedang
6/15/2021,0,17.75,1428.08,0,0,28.21,sedang
6/16/2021,0,14.94,1159.85,0,0,27.88,sedang
6/17/2021,0,19.46,1051.91,0,0,29.4,sedang
6/18/2021,0,33.69,1232.77,0,0,30.58,sedang
6/19/2021,0,11.31,257.56,0,0,26.71,sedang
6/20/2021,0,30.08,455.71,0,0,26.23,sedang
6/21/2021,0,11.94,324.23,0,0,26.08,sedang
6/22/2021,0,15.79,428.35,0,0,29.48,baik
6/23/2021,0,23.13,612.04,0,0,29.81,sedang
6/24/2021,0,37.54,769.88,0,0,28.9,sedang
6/25/2021,0,42.13,2008.29,0,0,34.54,sedang
6/26/2021,0,45.6,1911.21,0,0,32.98,sedang
6/27/2021,0,44.77,1643.77,0,0,31.67,sedang
6/28/2021,0,33.69,758.63,0,0,31.65,sedang
6/29/2021,58.67,49.67,2327.32,0,0,27.23,sedang
6/30/2021,39.67,0,3742.43,26.63,0,16.42,sedang
7/1/2021,31.98,17.86,3027.17,21.11,29.59,9.58,baik
7/2/2021,24.06,14.54,1535.75,23.75,17.95,6.52,sedang
7/3/2021,76.63,48.63,2531.33,23.9,27.89,7.33,sedang
7/4/2021,72.7,45.55,2764.45,35.45,26.15,7.7,tidak sehat
7/5/2021,34.93,19.9,1352.47,7.8,9.15,6.97,sedang
7/6/2021,29.69,23.23,1291.1,2.88,29.17,7.63,sedang
7/7/2021,63.67,45.54,1979.02,15.03,45.17,10.56,sedang
7/8/2021,63.46,49.29,2153.71,9.24,40.89,9.15,tidak sehat
7/9/2021,62.52,45.27,1976.83,6.79,24.53,8.98,sedang
7/10/2021,44.23,26.77,2351.31,4.94,30.12,7.75,sedang
7/11/2021,23.75,13.96,2269.77,10.45,8.89,6.58,sedang
7/12/2021,20.58,13.92,2768.85,17.67,25.41,7.81,baik
7/13/2021,48.4,30.44,2852.73,11.41,13.92,8.02,sedang
7/14/2021,37.52,25.31,2563.31,1,18.33,8.17,sedang
7/15/2021,37.85,24.15,2004.9,0,3.34,7.23,sedang
7/16/2021,45.88,31.52,2318.71,0,20.87,8.73,sedang
7/17/2021,48.48,35.42,2333.35,0,13.29,10.15,sedang
7/18/2021,60.98,45.19,2233.5,4.5,38.76,12.06,sedang
7/19/2021,63.6,43.71,2002,0,8.41,10.31,sedang
7/20/2021,75.19,38.96,2348.38,0,7.82,7.5,sedang
7/21/2021,26.29,16.02,2573.52,10,2.75,5.92,sedang
7/22/2021,36.88,24.21,2045.33,0,25.81,8.04,sedang
7/23/2021,37.73,21.58,2041.17,0,2.71,7.65,sedang
7/24/2021,32.13,21.47,2009.26,0,5.37,7.38,sedang
7/25/2021,80.08,54.73,2716.38,1.8,26.77,11.5,sedang
7/26/2021,60.65,45.33,2344.06,4.91,22.31,11.98,tidak sehat
7/27/2021,46.31,34.81,2236.19,0,18.73,11.1,sedang
7/28/2021,59.08,43.06,1809.5,1,27.25,12.54,sedang
7/29/2021,28.98,20.4,1719.54,0,6.58,9.6,sedang
7/30/2021,36.25,27.08,1699.08,3,29.31,11,sedang
7/31/2021,44.52,27.71,1660.75,0,25.38,10.19,sedang
8/1/2021,50.31,30.73,2012,0,24.07,10.42,sedang
8/2/2021,34.46,21.42,2624.98,1.75,23.2,9.88,sedang
8/3/2021,37.27,21.81,2197.94,0,9.9,9.85,sedang
8/4/2021,27.63,17.52,1885,0,20.89,9.83,sedang
8/5/2021,34.6,24.77,2202.46,0,8.65,8.71,sedang
8/6/2021,40.35,29.56,2587.33,0,21.39,10.1,sedang
8/7/2021,31.77,19.52,2587.54,2.4,2.77,7.38,sedang
8/8/2021,27.21,19.38,2392.13,15,6.43,7.6,sedang
8/9/2021,26.77,19.13,2077.4,0,2.43,6.27,sedang
8/10/2021,39.46,24.88,1789.25,0,7.83,7.94,sedang
8/11/2021,71.33,50.73,2154.65,0,23.79,10.06,sedang
8/12/2021,37.21,28.38,1917.98,5.87,14.75,9.33,sedang
8/13/2021,38.71,26.4,1610.17,9.02,12.1,9.17,sedang
8/14/2021,40.33,27.19,1947.44,13.5,24.79,7.96,sedang
8/15/2021,33.48,22.83,2043.29,11.07,17.59,8.06,sedang
8/16/2021,37.06,25.54,2333.44,9.17,13.24,8.06,sedang
8/17/2021,53.88,34.33,2346.69,17.9,14.11,8.96,sedang
8/18/2021,40.04,26.19,1848.69,4.29,2.42,8.29,sedang
8/19/2021,49.02,31.19,2192.27,8.91,3.43,8.27,sedang
8/20/2021,64.17,39.96,1889.92,5.83,29,9.92,sedang
8/21/2021,74.15,44.21,2057.71,7.27,5.35,8.65,tidak sehat
8/22/2021,42.63,28.79,2089.96,2.62,10.72,8.75,sedang
8/23/2021,59.81,37,2523.13,12.31,13.71,9.33,sedang
8/24/2021,48.09,32.57,2063.72,11.72,4.67,8.36,sedang
8/25/2021,17.58,12.31,2019.42,2.95,9.88,9.42,sedang
8/26/2021,41.35,28.31,2175.29,3.29,15.88,9.92,sedang
8/27/2021,38.29,23.63,2035.85,4,10.4,9.73,sedang
8/28/2021,34,25.5,1973.63,2.48,23.3,10.9,sedang
8/29/2021,70.04,40.77,2769.35,8.89,15.7,9.1,sedang
8/30/2021,80.44,51.96,3445.52,14.5,21.12,9.67,sedang
8/31/2021,61.71,42.33,3316.4,7.6,38.68,11.85,sedang
9/1/2021,40.29,47.81,3179.15,6.44,25.05,10.38,sedang
9/2/2021,37.5,27.56,3269.6,2.34,17.34,10.54,sedang
9/3/2021,47.69,34.52,2593.77,6.9,16.45,10.81,sedang
9/4/2021,32.81,23.75,2710.67,1.89,25.47,12.08,sedang
9/5/2021,35.65,24.9,2655.25,1.82,31.34,11.75,sedang
9/6/2021,54.19,33.08,4366.77,19.46,31.8,10.6,sedang
9/7/2021,28,18.17,2873.17,10.79,19.05,9.69,sedang
9/8/2021,22,15,3073.71,1.88,6.35,9.29,sedang
9/9/2021,22,15,2663.33,1,10.51,9.6,baik
9/10/2021,21.24,14.48,2517.64,4.43,8.74,9.89,baik
9/11/2021,0,0,2495.67,2.12,3.49,8.79,baik
9/12/2021,0,0,2763.33,4.03,14.48,9.15,baik
9/13/2021,0,0,3054.71,2.24,15.43,8.56,baik
9/14/2021,0,0,2992.15,1.13,4.72,7.44,baik
9/15/2021,0,0,3130.1,0,18.05,9.29,baik
9/16/2021,0,0,3642.11,7.05,11.8,8.48,baik
9/17/2021,31.32,23.92,3272.15,26.61,20.12,7.26,baik
9/18/2021,34.56,22.19,2747.29,62.24,68,9.31,sedang
9/19/2021,47.92,22.77,2432.77,64.46,70.52,9.06,sedang
9/20/2021,24.35,13,2399.48,64.83,70.15,9.31,sedang
9/21/2021,36.69,13,2472.79,55.67,85.9,10.75,sedang
9/22/2021,30.67,13,2728.88,50.08,98.02,11.73,sedang
9/23/2021,35.58,13,2592.94,56.9,87.94,10.56,sedang
9/24/2021,26.46,14.58,3070.44,53.33,84.81,10.35,sedang
9/25/2021,32.19,17.52,3040.63,66.56,84.52,9.9,sedang
9/26/2021,17.6,9.96,3193.71,52.5,77.92,9.27,sedang
9/27/2021,43.46,19.79,3679.6,53.09,84.83,10.48,sedang
9/28/2021,60.15,22.08,3330.96,57.35,93.31,10.44,sedang
9/29/2021,111.63,36.15,3192.17,49.65,100.75,11.94,sedang
9/30/2021,68.65,32.54,3308.65,45.98,100.58,12.15,sedang
10/1/2021,40.31,22.71,3311.69,46.73,82.98,10.54,sedang
10/2/2021,42.65,23.15,3308.27,46.15,77.13,10.08,sedang
10/3/2021,45.67,22.23,2328.67,59.98,75.56,10.35,sedang
10/4/2021,22.1,12.27,2775.29,52.3,76.56,10.35,sedang
10/5/2021,13.25,7.83,3107.69,43.71,76.42,10.15,baik
10/6/2021,12.58,7.21,2786.44,48.81,76.27,9.75,baik
10/7/2021,10.29,5.69,2949.44,44.54,88.21,10.44,baik
10/8/2021,14.21,7.04,2884.52,36.9,69.77,9.63,baik
10/9/2021,26.75,15.96,3008.88,49.1,84.4,9.85,baik
10/10/2021,51.75,27.19,2767.04,46.08,98.17,10.83,sedang
10/11/2021,30,15.04,2248.27,67.21,65.6,8.73,sedang
10/12/2021,19.1,11.15,2504.08,60.9,67.69,8.48,sedang
10/13/2021,39,19.79,2716.94,55.71,91.29,9.46,sedang
10/14/2021,35.77,12.67,2087.63,53.3,85.6,9.52,sedang
10/15/2021,34.56,0,2991.69,41.59,81.35,10.19,baik
10/16/2021,0,0,2880.94,42.23,87.63,10.04,baik
10/17/2021,0,0,3167.04,44.96,96.58,10.25,baik
10/18/2021,0,0,2874.52,48.98,85.4,8.25,baik
10/19/2021,0,0,3102.71,44.25,72,8.15,baik
10/20/2021,0,0,3041.88,47.04,69.9,7.81,baik
10/21/2021,0,0,2937.42,48.17,84.75,8.48,baik
10/22/2021,0,0,3417.75,50.36,76.02,8.48,baik
10/23/2021,0,0,3028.48,57.52,98.15,9.46,sedang
10/24/2021,0,0,3385.35,57.66,111.19,9.96,sedang
10/25/2021,0,0,2681.85,50.79,90.9,9.13,sedang
10/26/2021,0,0,2821.57,42.02,64.26,8.04,baik
10/27/2021,0,0,2634.25,56.02,78.9,8.73,sedang
10/28/2021,0,0,2960.4,46.56,77.79,8.71,sedang
10/29/2021,0,0,2922.58,49.35,90.19,9.06,baik
10/30/2021,0,0,3207.44,40.68,95.17,9.5,baik
10/31/2021,0,0,3541.04,46.94,93.48,9.27,baik
11/1/2021,0,0,3545.83,46.04,84.6,9.13,baik
11/2/2021,0,0,3379.46,42.26,64.25,7.09,baik
11/3/2021,0,0,3724.54,47.75,75.48,4.48,baik
11/4/2021,0,0,3342.08,49.62,66.71,5.38,sedang
11/5/2021,0,0,3248.48,46.9,58.96,9.27,baik
11/6/2021,0,0,2862.15,47.6,79.46,10.75,baik
11/7/2021,0,0,2974.46,47.9,82.67,10.46,baik
11/8/2021,0,0,2958.83,47.73,72.17,9.69,baik
11/9/2021,0,0,3105.31,40.06,87.25,10.92,baik
11/10/2021,0,0,3075.33,45.77,58.35,9.27,baik
11/11/2021,0,0,3389.54,48.33,69.17,9.65,baik
11/12/2021,0,0,2947.31,53.67,64.88,10.46,sedang
11/13/2021,0,0,3125.56,43.29,68.77,12.27,sedang
11/14/2021,0,0,3020.98,48.77,67.29,11.79,baik
11/15/2021,0,0,3308.21,50.9,65.5,11.35,baik
11/16/2021,0,0,3144.58,49.73,62.21,10.29,sedang
11/17/2021,0,0,2902.67,45.6,60.13,10.21,baik
11/18/2021,0,0,3046.94,50.15,71.46,9.75,baik
11/19/2021,0,0,2867.69,48.5,57.77,9.29,baik
11/20/2021,0,0,3000.4,44.13,70.67,10.04,baik
11/21/2021,0,0,3298.65,45.38,79.38,10.23,baik
11/22/2021,0,0,3252.31,45.4,74.23,9.58,baik
11/23/2021,0,0,3189.85,41.23,47.5,7.71,baik
11/24/2021,0,0,3055.81,44.15,73,10.21,baik
11/25/2021,0,0,3614.86,49.4,75.82,10.71,baik
11/29/2021,9.82,10.75,2620.52,11.54,6.29,9.26,baik
11/30/2021,18.23,29.35,2980.83,4.4,1.25,15.29,sedang
12/1/2021,20.02,29.98,3071.64,1,3.91,17.87,sedang
12/2/2021,16.24,23.39,3041.34,2.64,17.76,19.61,sedang
12/3/2021,20.88,23.11,2952.63,1,25.31,20.13,sedang
12/8/2021,55.93,0,3283.52,0,57.38,30.08,baik
12/9/2021,0,0,2840.27,0,58.1,22.46,baik
12/10/2021,6.63,0,2517.85,0,50.4,20,baik
12/11/2021,13.68,11.28,2625.6,0,51.62,20.6,baik
12/12/2021,22.96,15.13,2939.58,0,57.63,21.23,sedang
12/13/2021,24.92,18.1,2869.5,0,56.42,18.21,sedang
12/14/2021,19.96,17.42,2957.23,0,58.77,19.73,sedang
12/15/2021,11.06,18.29,2761.33,0,57.13,17.85,sedang
12/16/2021,11.46,10.85,2680.33,0,57.88,16.77,sedang
12/17/2021,16.94,6,2541.85,0,78.56,9.17,baik
12/18/2021,17,4.23,2541,20.73,79,9,baik
12/19/2021,17,8.79,2541,21,79,9,baik
12/20/2021,17,18.77,2541,21,79,9,sedang
12/21/2021,24.62,14.09,2843.83,23.72,75.55,18.55,sedang
12/22/2021,28.69,8.1,3047.46,26.73,42.4,27.29,baik
12/23/2021,34.06,19.52,2831.04,23.4,39.42,25.92,sedang
12/24/2021,13.17,11.17,3008.38,25.56,38.15,30.52,sedang
12/25/2021,12.96,6.9,2865.92,24,35.52,28.52,baik
12/26/2021,9.4,8.23,2795.27,23.65,36,29.65,baik
12/27/2021,18.51,13.24,2817.09,20.73,33.09,23.87,baik
12/28/2021,30.95,18.21,2820.71,31.63,17.61,14.05,sedang
1/5/2022,22,8.54,2601.81,83.27,29.25,3.98,sedang
1/6/2022,17.67,10.35,2852.67,73.9,32.79,3.63,sedang
1/7/2022,14.92,8.08,2898.23,58.96,31.38,2.98,sedang
1/8/2022,18.73,12.02,2868.71,53.81,32.23,2.69,sedang
1/9/2022,24.21,13.71,2893.56,52.77,31.77,2,sedang
1/10/2022,27.65,15.75,3288.08,52.1,20.23,2,sedang
1/11/2022,29.77,13.48,3289,52,20,0,sedang
1/12/2022,44.42,18.58,3289,52,20,0,sedang
1/13/2022,37.44,16.96,3203.1,53.13,25.08,1.82,sedang
1/14/2022,33.46,17.75,2865.21,53,34.44,1.67,sedang
1/15/2022,30.02,14.6,2866.71,53.17,34.71,1.77,sedang
1/16/2022,39.19,22.15,3023.46,56.42,35,1.94,sedang
1/17/2022,34.02,18.23,2940.88,55,34.77,1.98,sedang
1/18/2022,28.08,16.35,3027.23,60.35,34.94,2.02,sedang
1/19/2022,28.15,13.31,2882.29,55.81,35.08,2.29,sedang
1/20/2022,29.5,15.98,2895.35,56.92,35.08,2.06,sedang
1/21/2022,15.15,10.38,3016.79,53.13,38.23,2.04,sedang
1/22/2022,11.52,5.69,2719.44,48.54,33.31,1.9,baik
1/23/2022,10.38,6.88,2744.31,47.42,32.77,2.13,baik
1/24/2022,21.23,14.79,2729.29,46.48,28.08,5.98,baik
1/25/2022,57.65,34.56,3121.52,50.48,34.48,2.65,sedang
1/26/2022,23.23,15.46,2933.5,49.71,33.52,2.79,sedang
1/27/2022,23.21,14.92,3006.1,51.94,33.46,3.54,baik
1/28/2022,25.65,17.71,2872.02,50.69,33.98,2.81,sedang
1/29/2022,87.46,53.77,3064.13,53.19,33.69,2.88,sedang
1/30/2022,44.83,23.79,2962,54.17,33.9,3,tidak sehat
1/31/2022,23.08,14.1,2893.08,53.85,33.92,3.08,sedang
2/1/2022,48.46,27.9,3030.98,56.52,34.83,3.42,sedang
2/2/2022,27.56,15.21,2923.06,57.19,34.04,3.27,sedang
2/3/2022,29.15,18.92,2976.9,58.67,35.15,3.67,sedang
2/4/2022,26.13,10.83,2903.17,58.42,35.06,3.73,sedang
2/5/2022,28.35,14.21,2992.35,61.4,34.88,3.71,sedang
2/6/2022,62.81,50.15,3007.44,61.33,36.25,3.92,sedang
2/7/2022,20.48,15.06,2859.9,60.06,36.6,4.1,sedang
2/8/2022,59.27,36.88,2974.31,60.02,31.13,2.06,sedang
2/9/2022,27.48,17,2974,60,31,2,sedang
2/10/2022,20.44,15.13,2974,60,31,2,sedang
2/11/2022,34.52,24.79,2974,60,31,2,sedang
2/12/2022,51,33.4,2974,60,31,2,sedang
2/14/2022,70.71,30.15,3116.58,64.75,38.71,7.56,sedang
2/15/2022,9.5,5.96,2661.27,58.69,39.88,10.29,sedang
2/16/2022,7.48,5.46,2621.46,56.33,39.88,8.54,sedang
2/17/2022,18.15,14.04,2803.42,56.71,40.56,9.46,sedang
2/18/2022,31.94,19.19,2917.79,56.4,41.63,11.06,sedang
2/19/2022,33.21,19.17,3249.06,62.98,22.44,8.13,sedang
2/20/2022,23.27,15.5,3247,63,22,8,sedang
2/21/2022,27.27,13.33,3247,63,22,8,sedang
2/22/2022,23.83,14.08,3247,63,22,8,sedang
2/23/2022,23.79,14.04,3247,63,22,8,sedang
2/24/2022,26.06,11.33,2969.29,53.08,31.73,9.19,sedang
2/25/2022,19.98,13.6,2886.27,46.13,39.48,11.52,baik
2/26/2022,32.81,23.25,2966.73,46.15,40.79,13.02,sedang
2/27/2022,19.33,15.27,2875.1,44.83,40.88,13.21,sedang
2/28/2022,22.38,17.81,2842.77,43.35,41.42,13.1,sedang
3/1/2022,40.1,5.46,3102.38,46.65,42.1,14.15,sedang
3/2/2022,22.4,10.02,2998.08,44.44,41.46,14.46,sedang
3/3/2022,17.35,3.94,2834.67,41.54,40.73,14.27,baik
3/4/2022,25.94,5.23,2519.27,45.56,20.67,11.74,sedang
3/5/2022,41.13,4.88,2527.42,0,2.84,0,sedang
3/6/2022,30.96,12.75,2315.69,0,1,0,sedang
3/7/2022,15.52,19.33,2490.35,81.5,14.56,2.4,sedang
3/8/2022,12.17,5.21,2933.85,63.04,58.73,4,sedang
3/9/2022,17.5,11.94,2934,63,59,0,sedang
3/10/2022,21.1,22.85,2934,63,59,0,sedang
3/11/2022,18.58,5.4,2868.06,51.92,41.23,5.76,sedang
3/12/2022,34.75,5.08,2372.25,59.21,15.59,2.48,sedang
3/13/2022,20.02,5.73,2325.67,68.05,17.41,3.6,sedang
3/14/2022,21.21,14.44,2621.1,73.13,14.77,2.64,sedang
3/15/2022,11.75,18.77,2638.56,72.87,15.78,4.63,sedang
3/16/2022,15.33,20.21,2800.23,73.89,28.75,14.73,sedang
3/17/2022,21.96,23.63,2823.21,68.33,54.94,42.92,sedang
3/18/2022,35.52,37.96,3168.71,58.37,76.69,53.98,sedang
3/19/2022,16.02,29.44,2728.04,39.46,80.69,57.92,sedang
3/20/2022,33.67,20.71,2749.13,37.4,81.54,59.56,sedang
3/21/2022,13.96,28.6,2744.19,36.02,83.98,60.81,sedang
3/22/2022,20.77,32.71,2849.46,41.85,71.25,67.85,baik
3/23/2022,31.63,20.83,2853,42,71,68,sedang
3/24/2022,28.81,34.4,2853,42,71,68,sedang
3/25/2022,51.44,47.02,2878.21,35.27,77.23,62.56,sedang
3/26/2022,54.4,35.85,2913.38,33.71,82.81,62.13,sedang
3/27/2022,60.21,32.67,2863.08,33.63,82.48,62.83,sedang
3/28/2022,26.54,35.96,2815.6,33.81,82.06,62.9,sedang
3/29/2022,39.06,20.08,2896.9,33.25,83.71,63.1,sedang
3/30/2022,61,23.5,2936.98,33.85,84.02,64.63,sedang
3/31/2022,88.81,15.17,3156.73,37.75,84.48,65.69,sedang
4/1/2022,0,21.58,3049.73,37.98,84.25,66.5,sedang
4/2/2022,0,20.43,2909.65,35.79,84.52,65.71,sedang
4/3/2022,0,0,2838.79,34.98,84,65.15,baik
4/4/2022,0,14.16,2703.29,29.6,84.79,63.96,baik
4/5/2022,0,10,2792.98,31.83,87.44,66.42,baik
4/6/2022,0,10,2761.15,32.38,86.13,66.54,baik
4/7/2022,0,10,2730.06,31.67,85.04,65.83,baik
4/8/2022,0,10,2657.21,30.98,84.85,65.63,baik
4/9/2022,0,10,2663.5,31.29,84.17,64.96,baik
4/10/2022,0,8.83,2752.21,32.13,84.94,65.33,baik
4/11/2022,0,8.58,2724.06,31.69,84.6,65.23,baik
4/12/2022,0,7.69,2670.29,30.54,84.77,65.4,baik
4/13/2022,0,14.23,2782.46,31.67,84.77,64.98,baik
4/14/2022,67.17,36.73,2857.65,27.79,85.52,65.77,sedang
4/15/2022,105,36.17,2991.02,34.48,87.33,68.1,sedang
4/16/2022,105,8,2934.15,29.08,93.83,72.88,sedang
4/17/2022,105,0,2936,29,94,73,sedang
4/18/2022,57.15,5.93,2895.83,31.27,90.19,70.46,sedang
4/19/2022,37.02,18.48,2901.02,33.37,87.28,69.24,sedang
4/20/2022,59.67,33.6,3495.73,43.4,86.77,68.85,sedang
4/21/2022,63.6,32.81,3211.52,39.44,85.63,67.65,sedang
4/22/2022,56.67,23.29,3130.65,34.23,88.33,70.29,sedang
4/23/2022,57.73,46.63,3766.29,39.15,92.06,78.96,sedang
4/24/2022,54.43,27,3763,39,92,79,sedang
4/25/2022,8.23,5.67,2977.88,32.23,88.4,72.08,baik
4/26/2022,24.6,16.08,2883.77,23.83,68.38,76.48,baik
4/27/2022,12.62,7.65,2944.25,31.63,48.9,79.83,sedang
4/28/2022,19.94,8.33,2720.5,28.58,39.79,77.27,baik
4/29/2022,13.38,7.33,2548.96,27.06,34.79,72.29,baik
4/30/2022,8.44,5.92,2352.56,16.21,18.38,76.85,baik
5/1/2022,24.08,12.08,2350,16,18,77,baik
5/2/2022,14.73,9.75,2350,16,18,77,baik
5/3/2022,20.98,9.15,2350,16,18,77,baik
5/4/2022,45.6,14.19,2350,16,18,77,baik
5/5/2022,52.83,20.52,2350,16,18,77,sedang
5/6/2022,62.58,21.06,2350,16,18,77,sedang
5/7/2022,61.25,22.23,2350,16,18,77,sedang
5/8/2022,9.96,6.75,2350,16,18,77,sedang
5/9/2022,20.88,12.92,2441.98,16.73,26.79,70.69,baik
5/10/2022,61.33,32.83,2937.54,26.38,36.04,68.6,sedang
5/11/2022,62.71,38.06,2680.06,30.54,26.69,66.29,sedang
5/12/2022,0,0,2719.46,34.75,31.23,63.79,sedang
5/13/2022,0,0,2755.85,26.43,32.74,65.32,baik
5/14/2022,0,0,2443.88,21.96,32.75,64.4,baik
5/15/2022,0,0,2593.81,23.15,32.73,64.77,baik
5/16/2022,0,0,2523.08,22.06,31.4,64.38,baik
5/17/2022,0,0,2553.23,22.83,31.9,63.94,baik
5/18/2022,27.13,14,2546.27,22.44,32.88,64.13,baik
5/19/2022,13.94,8.25,2515.38,21.73,33.1,65.17,baik
5/20/2022,8.44,5.42,2533.85,19.13,33.25,65.19,baik
5/21/2022,26.94,14.35,2614.77,22.58,34.31,66.85,baik
5/22/2022,49.33,21.94,2758.92,24.92,33.79,67.67,sedang
5/23/2022,31.29,20.17,3001.69,28.27,36.13,69.9,sedang
5/24/2022,31.52,15.27,3343.19,35.36,34.67,70.21,sedang
5/25/2022,39.21,16.27,3085.83,31.44,33.92,70.35,sedang
5/26/2022,23.31,12.13,2933.4,28.02,33.92,69.42,sedang
5/27/2022,57.44,23.15,3003.27,23.15,33.48,67.69,sedang
5/28/2022,48,11.02,2599,18,31,56,sedang
5/29/2022,48,23.5,2599,18,31,56,sedang
5/30/2022,48,17.79,2599,18,31,56,sedang
5/31/2022,58.04,26.02,2906.83,25.43,32.7,63.3,sedang
6/1/2022,23.73,11.33,3000.75,28.46,34.35,68.42,sedang
6/2/2022,9.71,5.06,2689.29,23.94,35.38,68.08,baik
6/3/2022,13.94,8.23,2654.15,20.9,34.77,66.46,baik
6/4/2022,10.63,6.96,2520.13,20.23,36,66.88,baik
6/5/2022,11.85,6.75,2530.17,20.4,36.17,67.35,baik
6/6/2022,43,17.63,2847.46,24.27,36.73,68.75,sedang
6/10/2022,42.25,22.38,2815.83,1.14,38.71,23.96,sedang
6/11/2022,49.02,18.72,2771.33,1.33,38.37,23.16,sedang
6/12/2022,32.63,13.29,2928.66,3.31,36.61,22.39,sedang
6/13/2022,22.84,12.38,2896.03,6,35.16,22.09,sedang
6/15/2022,46.38,18.48,3114.29,53.83,40.17,25.04,sedang
6/16/2022,48.31,24.94,3679.69,64.77,40.4,26.33,sedang
6/17/2022,93.71,40.5,3516.92,57.65,38.52,23.96,sedang
6/18/2022,89.94,31.73,3422.35,57.56,38.06,23.13,sedang
6/19/2022,106.08,34.54,3356.25,55.75,38.23,23.44,sedang
6/20/2022,156.38,53.88,4232.46,75.21,36.79,23,tidak sehat
6/22/2022,85.02,38.4,3755.31,64.53,38.56,23.98,sedang
6/23/2022,76.21,30.23,3527.3,60.46,40.32,26.7,sedang
6/24/2022,74.19,27.83,3205.48,52.02,38.67,23.42,sedang
6/25/2022,74.46,27.27,3641.33,57.98,34.23,21.1,sedang
6/26/2022,35.38,14.4,2877.56,48.83,35.31,21.23,sedang
6/27/2022,108.06,26.29,2603.81,52.63,23.27,15.88,sedang
6/28/2022,25.9,13.1,2619.4,64.56,18,10.63,sedang
6/29/2022,26.33,9.31,2305.31,62.94,21.36,11.17,sedang
6/30/2022,15.79,10.48,2413.65,65.19,24.2,11.18,sedang
7/1/2022,51.9,32.17,3080.38,66.14,25.5,11.73,sedang
7/2/2022,147.76,71.97,3574.5,79.88,25.04,12.81,tidak sehat
7/3/2022,140.77,60.82,2935.5,72.19,20.55,10.49,tidak sehat
7/4/2022,61.58,22.74,2626.29,65.79,17.23,8.94,tidak sehat
7/5/2022,49,29.4,2987.89,59.62,28.43,15.28,sedang
7/6/2022,115.72,48.17,3379.89,60.61,37.5,20.72,sedang
7/7/2022,0,0,2388,47.44,25.88,18.19,baik
7/8/2022,0,0,2427.36,50.43,31.04,18.36,baik
7/9/2022,0,0,2495.6,49.54,35.23,19.75,baik
7/10/2022,0,0,2727.46,55.33,30.79,17.94,sedang
7/11/2022,0,0,2779.13,57.19,30.38,17.63,sedang
7/12/2022,0,0,2920.17,59.5,30.08,17.77,sedang
7/13/2022,0,0,3408.35,66.65,37.31,22.96,sedang
7/14/2022,0,0,2590.1,53.98,34.71,23,sedang
7/15/2022,0,0,2874.48,52.6,37.23,23.08,sedang
7/16/2022,0,0,2662.98,52.4,33.29,20.85,baik
7/17/2022,0,0,2513.17,51.4,32.81,20.56,baik
7/18/2022,0,0,2778.51,54.07,35.15,22.12,sedang
7/19/2022,0,0,2868.19,56.31,35.25,22.42,sedang
7/20/2022,0,0,2818.56,55.21,33.08,21.17,sedang
7/21/2022,0,0,2934.67,58.48,31.69,19.9,sedang
7/22/2022,0,0,2891.31,57.63,32.19,19.58,sedang
7/23/2022,0,0,2754.56,53.81,33.69,19.38,sedang
8/1/2022,0,0,2882.63,56.15,32.85,18.95,sedang
8/2/2022,0,0,2666.52,53.04,32.83,19.17,sedang
8/3/2022,0,0,3264.88,59.92,38.71,21.44,sedang
8/4/2022,0,0,2784.79,53.48,32.42,19.79,sedang
8/5/2022,0,0,2897.38,52.45,35.97,20.71,sedang
8/6/2022,0,0,2232.46,45.5,32.25,19.06,sedang
8/7/2022,0,0,2363.13,47.15,33.35,19.56,sedang
8/8/2022,0,0,2593.88,48.44,37.08,21.54,sedang
8/9/2022,0,0,2594.09,50.11,34.49,20.72,sedang
8/10/2022,0,0,2478.13,45.69,33.15,19.27,sedang
8/11/2022,0,0,2593.88,49.85,33.1,19.5,sedang
8/12/2022,0,0,2700.29,53.06,33.46,20.13,sedang
8/13/2022,0,0,3002.46,59.54,33.29,20.63,sedang
8/14/2022,0,0,2501.52,52.13,33.33,20.25,sedang
8/15/2022,0,0,2489.02,52.27,33.25,20,sedang
8/16/2022,0,0,2657.94,54.9,33.54,21.52,sedang
8/17/2022,0,0,2858.31,55.63,33.48,19.65,sedang
8/18/2022,0,0,3248.19,66.1,33.52,20.35,sedang
8/19/2022,0,0,2769.63,57.25,33.88,21.1,sedang
8/20/2022,0,0,2655.54,55.33,33.85,21.1,sedang
8/21/2022,0,0,3303.13,67.06,33.98,20.98,sedang
8/22/2022,0,0,3059.17,62.02,34.23,20.73,sedang
8/23/2022,0,0,2847.27,57.38,34.15,20.54,sedang
8/24/2022,0,0,3105.48,59.06,32.79,19.52,sedang
8/25/2022,0,0,3174.35,55.96,30.52,17.77,sedang
8/26/2022,0,0,2936.94,54.58,30.71,18.08,sedang
8/27/2022,0,0,2887.21,54.58,31.4,18.4,sedang
8/28/2022,0,0,2408.98,47.02,32.38,18.75,sedang
8/29/2022,0,0,3039.38,56.25,32.35,19.06,sedang
9/1/2022,0,0,3201,62.29,31.69,18.77,sedang
9/2/2022,0,0,2750.63,55.17,31.27,18.52,sedang
9/3/2022,0,0,2541.48,51.69,31.33,18.48,sedang
9/4/2022,0,0,2274.35,47.27,32.52,18.56,baik
9/5/2022,0,0,2239.65,44.79,33.1,18.56,baik
9/6/2022,0,0,2850.21,55.1,33.48,20.31,sedang
9/7/2022,0,0,2913.87,58.43,33.02,20.89,sedang
9/8/2022,0,0,2855.96,56.27,34.17,21.06,sedang
9/9/2022,0,0,2521.23,48.95,33.8,20.91,sedang
9/10/2022,0,0,2534.85,49.52,34.27,20.6,baik
9/11/2022,0,0,2392.98,47.54,34.08,20.42,baik
9/12/2022,0,0,2704.18,51.97,35.12,21.82,baik
9/14/2022,0,0,2427.15,47.6,38.19,22.42,baik
9/15/2022,0,0,2947.29,54.81,38.58,23.6,sedang
9/16/2022,0,0,2331.48,45.72,36.38,21.17,sedang
9/20/2022,31.9,20.74,2472.35,44.78,43.28,26.25,baik
9/21/2022,51.78,29.43,2845.22,47.41,53.89,36.95,sedang
10/20/2022,26.92,23.62,2278.53,54.85,34.48,27.33,sedang 
10/21/2022,13.76,11.5,2290.04,54.46,33.79,24.63,sedang 
10/22/2022,1,14.96,2298.37,55.19,33.26,24.48,sedang 
10/24/2022,4.8,6.79,2173.81,55.06,32.21,24.52,sedang 
10/25/2022,5.75,8.78,2319.35,55.54,35.86,25,sedang 
10/26/2022,10.2,5.27,2313.73,51.52,41.75,28.19,sedang 
10/27/2022,0,3.6,2155.96,48.56,41.79,29.54,baik
10/28/2022,0,4.19,2099.65,46.6,42.56,30.23,sedang 
10/29/2022,0,3.59,2100.55,46.41,45.86,35.09,sedang 
11/2/2022,8.94,8.04,2081.65,51.94,41.44,33.21,baik
11/3/2022,26.81,24.06,2393.19,53.13,44.02,38.98,sedang
11/4/2022,5.77,5.33,2062.79,47.31,39.5,31.44,sedang
11/5/2022,14.42,12.63,2197.5,48.88,41.48,32.19,sedang
11/6/2022,12.23,10.63,2203.88,49.38,40.58,32.4,sedang
11/7/2022,27.48,24.02,2318.7,51.72,39.83,32.8,sedang
11/8/2022,19.5,16.55,2376.3,52.4,41.25,34.95,sedang
11/12/2022,6.1,5,2068.4,45.44,37.67,29.85,sedang
11/13/2022,4.11,5,2058.66,46.31,35.23,28.51,sedang
11/15/2022,12.24,10.85,2325.56,49.58,35.85,29,baik
11/17/2022,9.06,8.19,2346.33,49.86,36.33,31.22,baik
11/18/2022,23.85,20.92,2755.65,55.5,36.27,31.54,baik
11/22/2022,7.63,7.15,2271.19,47.08,41.92,31.94,sedang
11/23/2022,12.07,10.97,2546.5,51.65,42.48,34.63,sedang
11/24/2022,4.3,0,2176.46,46.27,39.94,32.79,sedang
11/25/2022,19.41,18.8,2230.6,45.81,38.75,29.96,sedang
11/26/2022,12.29,11.25,2285.13,46.58,38.67,31.15,sedang
11/27/2022,11.02,10,2301.42,46.96,39.02,30.71,sedang
11/28/2022,9.06,8.27,2194.63,45.88,38.23,30.23,sedang
11/29/2022,6,5.5,2060.94,44.67,36.33,28.21,baik
11/30/2022,8.06,7.48,2161.56,45.54,37.15,28.73,baik
12/1/2022,5.85,5.46,2086.06,44.6,37.02,27.92,baik
12/2/2022,10.92,10.02,2269,46.73,39.17,29.71,baik
12/3/2022,4.33,3.94,2084.08,44.44,39.15,31.25,baik
12/4/2022,5.9,5.23,2128.29,43.63,42.83,32.88,baik
12/5/2022,5.35,4.88,2024.79,40.6,36.1,26.83,baik
12/6/2022,14.77,12.75,2243.1,44.08,36.4,24.15,baik
12/7/2022,82.15,19.33,2319.87,44.24,34.39,26.04,sedang
12/8/2022,4.44,5.21,2184.65,43.6,36.85,27.06,sedang
12/9/2022,13.42,11.94,2545.96,47.54,37.48,25.81,baik
12/10/2022,25.44,22.85,2727.04,49.71,37.67,25.81,sedang
12/11/2022,5.75,5.4,2236.67,42.94,38,25.17,sedang
12/12/2022,5.21,5.08,2223.46,42.67,38.96,25.19,baik
12/13/2022,6.23,5.73,2256.85,43.25,39.44,25.21,baik
12/14/2022,16,14.44,2609.77,47.98,40.25,26.4,sedang
12/15/2022,20.52,18.77,2631.81,47.44,42.29,26.9,sedang
12/16/2022,27.21,20.21,2506.46,42.5,36.9,24.04,sedang
12/17/2022,25,23.63,2557.48,49.85,34.29,22.71,sedang
12/18/2022,25,37.96,2712.38,45.92,36.58,24.15,sedang
12/19/2022,25,29.44,2594.58,45.29,35.75,23.71,sedang
12/20/2022,25,20.71,2609.42,45.81,35.92,23.85,sedang
12/21/2022,25,28.6,2890.06,50.83,35.58,24.06,sedang
12/22/2022,25,32.71,2732.19,49.75,34.92,23.92,sedang
12/23/2022,23.65,20.83,2539.04,46.33,33.79,23.33,sedang
12/24/2022,29.96,34.4,2618.46,47.21,36.08,23.98,sedang
12/25/2022,39.88,47.02,2801.46,49.9,35.94,24,sedang
12/26/2022,32.21,35.85,2799.5,50.02,35.69,24.1,sedang
12/27/2022,29,32.67,2827.15,50.79,35.23,23.63,sedang
12/28/2022,31.52,35.96,2742.77,50.9,31.06,22.67,sedang
12/29/2022,21.27,20.08,2611.54,48.94,34.15,23.15,sedang
12/30/2022,23.17,23.5,2475.54,44.71,34.44,25.02,sedang
12/31/2022,24,15.17,2524.96,46.94,36.5,28.04,sedang
1/1/2023,24,17.81,2588.29,48.02,36.54,28.69,sedang
1/2/2023,19.5,11.94,2738.63,51.85,34.79,28.58,sedang
1/3/2023,25.77,21.52,2499.17,47.58,35.88,28.38,sedang
1/4/2023,22.08,19.58,2420.13,45.69,35.92,28.1,sedang
1/5/2023,17.83,15.54,2353.94,45.04,34.94,27.29,sedang
1/6/2023,18.52,15.58,2497.08,47.58,36.15,27.92,sedang
1/7/2023,15.48,12.56,2332.83,45.4,38.46,29.63,baik
1/8/2023,18.44,16.19,2299.35,45.17,37.48,29,sedang
1/9/2023,21.42,18.48,2472.96,46.81,39.44,31.06,sedang
1/10/2023,16,14.19,2327.08,44.15,39.65,29.65,sedang
1/11/2023,4.54,3.65,2147.94,41.73,40.69,28.21,baik
1/12/2023,6.35,5,2197.44,42.17,40.31,27.73,baik
1/13/2023,6.21,4.71,2137.31,42.25,37.71,26.38,baik
1/14/2023,6.48,4.52,2090.21,43.94,35.83,25.23,baik
1/15/2023,12.6,9.98,2212.38,43.67,37.92,26.54,baik
1/16/2023,15.83,13.15,2315.27,45.08,37.85,27.21,baik
1/17/2023,12.31,12.44,2357.19,46.06,34.83,26.94,sedang
1/18/2023,13.67,13.31,2467.69,48.33,33.23,26.67,sedang
1/19/2023,9.83,10,2379.54,45.92,34.81,26.9,sedang
1/20/2023,12.77,11.33,2377.04,41.58,33.58,24.4,sedang
1/21/2023,12.85,12.29,2193.85,40.67,30.88,22.02,sedang
1/22/2023,11.79,10.71,2229.25,41.75,32.73,22.35,sedang
1/23/2023,17.15,17.19,2262.38,42.02,31.58,22.73,sedang
1/24/2023,18.19,19.19,2360.58,43.48,31.1,22.81,sedang
1/25/2023,22.15,16.33,2313.29,43.08,32.04,23.35,sedang
1/26/2023,19.52,17.54,2434.08,44.31,32.71,24.19,sedang
1/27/2023,17.63,15.81,2426.38,44.71,32.56,24.5,sedang
1/28/2023,11.75,10.52,2285.71,42.98,31.4,24.08,sedang
1/29/2023,12.19,10.77,2250.42,43.38,31.27,23.77,baik
1/30/2023,27.67,24.23,2442.25,45.19,33.17,24.48,sedang
1/31/2023,19.38,17.1,2510.42,46.25,33.65,24.9,sedang
2/1/2023,17.06,15.02,2454.56,45.81,31.73,24.38,sedang
2/2/2023,19.9,17.31,2431.6,45.71,30.19,23.98,sedang
2/3/2023,16.92,14.63,2445.77,43.58,30.67,22.33,sedang
2/4/2023,23.85,20.52,2374.38,41.77,31.42,22.56,sedang
2/5/2023,27.75,24.23,2411.77,42.71,32.5,23.23,sedang
2/6/2023,25.1,22.44,2477.46,43.6,39.88,25.19,sedang
2/7/2023,30.81,26.85,2461.71,44.44,33.96,24.15,sedang
2/8/2023,15.23,13.4,2349.52,43.54,32.79,23.85,sedang
2/9/2023,18.25,15.96,2337.19,43.48,32.52,24.02,sedang
2/10/2023,19.29,16.85,2479.67,42.83,37.08,25.13,sedang
2/11/2023,17.69,15.33,2335.6,41.71,32.5,23.81,sedang
2/12/2023,11.71,10.27,2294.19,42.54,29.44,23.17,sedang
2/13/2023,23.06,20.46,2579.19,46.56,35.08,25.25,sedang
2/14/2023,24.08,21.06,2501.75,45.67,35.13,25.33,sedang
2/15/2023,30.17,18.02,2528.79,46.63,34.52,25.06,sedang
2/16/2023,28.15,24.48,2500.21,46.46,32.13,24.79,sedang
2/17/2023,16.85,14.79,2310.5,42.6,31.27,23.96,sedang
2/18/2023,13.85,12.25,2247.15,41.63,32.33,24.77,sedang
2/19/2023,11.35,10.1,2295.44,43.25,30.85,25.1,baik
2/20/2023,16.75,14.67,2555.9,47.65,31.21,25.88,baik
2/21/2023,11.23,9.85,2296.46,43.75,31.75,26.54,baik
2/22/2023,10.63,9.38,2383.75,45.5,31.83,26.44,baik
2/23/2023,13.25,11.88,2324.21,43.73,32.4,26.33,baik
2/24/2023,16.46,14.65,2484.75,45.52,35.46,29.19,baik
2/25/2023,14.5,12.88,2361.48,44.42,34.67,29.31,baik
2/26/2023,17.94,16.04,2322.48,43.54,34.58,28.56,sedang
2/27/2023,11.98,10.6,2270.79,43.33,35.44,29.96,sedang
2/28/2023,13.21,11.73,2419.48,45.5,34.85,29.73,baik
3/1/2023,17.02,14.81,2429.96,45.67,33.65,28.77,sedang
3/2/2023,19.94,17.44,2835.25,53.6,33.48,29.6,sedang
3/3/2023,19.15,16.83,2969.46,51.44,32.67,27.75,sedang
3/4/2023,16.79,14.73,2717.33,48.81,32.42,26.33,sedang
3/5/2023,14.77,13.15,2459.73,45.52,31.98,26.19,baik
3/6/2023,18.56,16.27,2550.42,47.31,32.08,25.63,sedang
3/7/2023,16.4,14.48,2462.33,48.92,30.69,25.33,sedang
3/8/2023,9.88,8.81,2245.15,42.42,30.63,24.83,baik
3/9/2023,11.83,10.44,2427.67,44.54,33.58,27.13,baik
3/10/2023,13.31,11.77,2343.96,43.29,34.67,29,baik
3/11/2023,15.4,13.31,2347.54,44.67,33.06,27.77,sedang
3/12/2023,23.79,20.65,2356.29,44.69,33.92,28.44,sedang
3/13/2023,31.27,27.19,2413.9,45.06,34.15,28.79,sedang
3/14/2023,20.23,17.96,2351.38,44,34.02,27.69,sedang
3/15/2023,24.56,21.75,2345.9,43.48,33.33,27.25,sedang
3/16/2023,23.27,20.71,2355.35,43.4,33.27,26.96,sedang
3/17/2023,23.94,20.92,2280.71,38.77,30.38,23.79,sedang
3/18/2023,27.53,24.21,2227.53,38.74,30.47,22.74,sedang
3/21/2023,25.48,22.13,2591.94,45.08,34.75,24.67,sedang
3/22/2023,16.92,14.81,2462.06,44.02,32.46,24.04,sedang
3/23/2023,18.6,16.29,2315.42,42.54,32.75,23.85,sedang
3/24/2023,9.6,8.46,2240.71,41.67,33.71,24,sedang
3/25/2023,11.25,9.48,2232.54,42.04,33.35,23.83,sedang
3/26/2023,6.4,5.63,2146.77,41.06,33.04,23.52,sedang
3/27/2023,17.85,33.85,2252.81,37.54,34.33,24.4,sedang
3/28/2023,26.19,23.25,2338.85,42.08,34.17,25.42,sedang
3/29/2023,6.88,6.02,2219.35,41.73,32.67,25.58,sedang
3/30/2023,11.52,10.06,2313.5,43.17,34.56,27.04,sedang
3/31/2023,15.9,13.98,2419.54,44.75,37.79,29.94,baik
4/1/2023,10.65,9.35,2345.94,43.81,37.92,29.81,sedang
4/2/2023,8.94,26.19,2234.63,42.04,38.02,28.58,sedang
4/3/2023,14.33,30.92,2291.6,42.71,39.44,30.13,sedang
4/4/2023,15.08,13.27,2350.35,43.75,38.35,31.33,sedang
4/5/2023,7.1,6.13,2386.25,44.81,37.48,29.81,sedang
4/6/2023,9.25,7.98,2184.58,40.15,38.44,29.83,baik
4/7/2023,5.75,5,2057.15,39.67,36.73,27.52,baik
4/8/2023,10.33,9.04,2250.71,42.04,37.92,29.63,sedang
4/9/2023,28.29,25.79,2395.88,44.35,36.63,29.4,sedang
4/10/2023,12.37,10.73,2540.42,46.54,37.88,30.02,sedang
4/11/2023,7.35,6.45,2476.52,45.33,39.73,29.96,baik
4/12/2023,9.63,9.19,2248.83,42.94,40.33,29.96,baik
4/13/2023,5.71,5,2123.85,41.29,38.6,28.27,baik
4/14/2023,3.96,3.52,2024.6,40.31,36.73,27.6,baik
4/15/2023,6.15,5.38,2090.29,41.58,36.5,27.52,baik
4/16/2023,5.15,4.63,2035.92,40.73,35.56,26.81,baik
4/17/2023,17.21,15.9,2395.46,44.33,40.77,30.19,sedang
4/18/2023,5.81,5.38,2051.79,38.71,37.48,26.48,baik
4/19/2023,21.06,18.83,2271.15,41.6,38.88,28.13,sedang
4/20/2023,23.55,25.79,2198.24,42.97,37.71,27.11,sedang
4/27/2023,28.77,21.75,2198.94,42.85,31.44,28.67,sedang
4/28/2023,25.29,20.1,2359.13,45.13,34.19,29,sedang
4/29/2023,31.73,21.98,2190.31,43.15,36.38,30.4,sedang
4/30/2023,28.1,21.27,2187.04,42.94,35,28.79,sedang
5/1/2023,15.17,12.1,2148.15,43.17,33.79,28.29,sedang
5/2/2023,23.1,18.15,2377.15,45.9,36.19,29.63,sedang
5/3/2023,44.65,30.15,2345.29,44.88,38.08,32.04,sedang
5/4/2023,58.19,41,2399.13,45.9,36.17,30.42,sedang
5/5/2023,21.19,14.98,2106.1,42.6,34.15,28.38,sedang
5/6/2023,10.08,8.56,2092.9,42.48,35.1,27.5,baik
5/7/2023,14.35,11.69,2194.92,43.19,36.31,28,sedang
5/8/2023,5.98,5.29,2072.46,41.23,37.02,28.81,baik
5/9/2023,16.54,12.98,2304.79,44.71,34.38,28.98,sedang
5/10/2023,30.15,23.29,2483.65,47.06,35.58,28.67,sedang
5/11/2023,38.02,41,2610.94,49.13,36.58,30.33,sedang
5/12/2023,16.65,19.2,2434.6,43.56,33.23,27.54,sedang
5/13/2023,25.1,20.6,2634.33,47.04,32.63,26.71,sedang
5/14/2023,15.96,12.25,2060.29,40.48,33.71,26.75,sedang
5/15/2023,22.08,17.54,2252.67,42.23,35.44,28.96,sedang
5/16/2023,20.63,16.6,2077.46,40.63,34.19,27.75,sedang
5/17/2023,33.23,25.48,2226.33,42.46,34.38,28.4,sedang
5/18/2023,49.63,35.67,2381.4,45.21,32.6,27.77,sedang
5/19/2023,28.29,22.58,2492.79,46.38,32.31,28.79,sedang
5/20/2023,96.33,90.1,3090.38,59.52,29.38,28.71,sedang
5/23/2023,33.77,28.15,2259.17,43.79,30.75,27.56,sedang
5/24/2023,30.58,21.5,2142.56,40.96,33.42,27.46,sedang
5/25/2023,24.67,20.71,2098.96,40.83,33.58,26.56,sedang
5/26/2023,49.27,38.85,2492.56,42.83,32.13,24.98,sedang
5/27/2023,68.92,53.4,2636.79,44.35,31.31,24.17,tidak sehat
5/28/2023,52.04,40.31,2523.25,43.31,29.04,23.88,sedang
5/29/2023,48.83,39.5,3281.33,55.83,25.5,24.17,sedang
